{
    "custom_workflow":
    {
			"app_name":"myapp2",
			"schedule_info":"* * * * *",
			"workflow_name":"real_workflow",
			"params_count":5,
            "workflow_fn_parameters":
			{
				"param_name":["sensortype", "starttime","numofsensors","data_flag","threshold","email","message","subject","app_name"],
				"param_vals":["AQ","2023-01-06T20:20:01Z",1,"True",80,"ias2023.g1@gmail.com","Message from Wokflow Manager - Air Quality degraded. Please hava a look.","Subject-Msg from WF Manager","myapp2"],
				"param_dtype":["str","str","int","bool","float","str","str","str","str"]
			},

			"service_list":[
			{
				"type":"service",
				"service_name":"fetchSensorData",
				"param_count":4,
				"params_list":[
					{
						"param_name":"sensortype",
						"prev_service_output":"False",
						"param_dtype":"str"
					},
					{
						"param_name":"starttime",
						"prev_service_output":"False",
						"param_dtype":"str"
					},
					{
						"param_name":"numofsensors",
						"prev_service_output":"False",
						"param_dtype":"int"
					},
					{
						"param_name":"data_flag",
						"prev_service_output":"False",
						"param_dtype":"bool"
					}

				]
			},
			{
				"type":"rules",
				"cond":"gte",

				"comp_val_rhs_dtype":"float",
				"comp_val_rhs_from_prev_serv":"True",
				"comp_val_rhs":"fetchSensorData@data@PM2.5",

				"comp_val_lhs_dtype":"float",
				"comp_val_lhs_from_prev_serv":"False",
				"comp_val_lhs":"threshold",

				"if_true":{
					"service_name":"push_notification",
					"param_count":4,
					"params_list":[
						{
							"param_name":"email",
							"prev_service_output":"False",
							"param_dtype":"str"
						},
						{
							"param_name":"message",
							"prev_service_output":"False",
							"param_dtype":"str"
						},
						{
							"param_name":"subject",
							"prev_service_output":"False",
							"param_dtype":"str"
						},
						{
							"param_name":"app_name",
							"prev_service_output":"False",
							"param_dtype":"str"
						}
					]
				},

				"if_false":{
					"service_name":"do_nothing",
					"param_count":0,
					"params_list":[]
				}
			}
		]
    }
}