[
    {
        "id": "bce3db17e62a4ca5",
        "type": "tab",
        "label": "energy",
        "disabled": false,
        "info": "",
        "env": [],
        "app_name": "mohit",
        "schedule_info": "* * * * *"
    },
    {
        "id": "95ab1fb711ddbd3c",
        "type": "inject",
        "z": "bce3db17e62a4ca5",
        "name": "",
        "props": [
            {
                "p": "payload"
            },
            {
                "p": "topic",
                "vt": "str"
            }
        ],
        "repeat": "",
        "crontab": "",
        "once": false,
        "onceDelay": 0.1,
        "topic": "",
        "payload": "",
        "payloadType": "date",
        "x": 160,
        "y": 220,
        "wires": [
            [
                "66ad8ed1605eada7"
            ]
        ]
    },
    {
        "id": "66ad8ed1605eada7",
        "type": "http request",
        "z": "bce3db17e62a4ca5",
        "name": "",
        "method": "GET",
        "ret": "txt",
        "paytoqs": "ignore",
        "url": "http://127.0.0.1:5001/energy_saving",
        "tls": "",
        "persist": false,
        "proxy": "",
        "insecureHTTPParser": false,
        "authType": "",
        "senderr": false,
        "headers": [],
        "x": 410,
        "y": 220,
        "wires": [
            [
                "0a3f3180629521da"
            ]
        ]
    },
    {
        "id": "0a3f3180629521da",
        "type": "debug",
        "z": "bce3db17e62a4ca5",
        "name": "debug 7",
        "active": true,
        "tosidebar": true,
        "console": false,
        "tostatus": false,
        "complete": "false",
        "statusVal": "",
        "statusType": "auto",
        "x": 680,
        "y": 220,
        "wires": []
    }
]