{
    "push_notification":{
        "version":1.0,
        "input":[
            {
                "name":"email",
                "dtype":"str",
                "desc":"Email input"
            },
            {
                "name":"message",
                "dtype":"str",
                "desc":"message input"
            },
            {
                "name":"subject",
                "dtype":"str",
                "desc":"subject input"
            },
            {
                "name":"app_name",
                "dtype":"str",
                "desc":"App Name input"
            }
        ]
    },

    "fetchSensorData": {
        "version": 1.0,
        "input": [
            {
                "name": "sensortype",
                "dtype": "str",
                "desc": "Sensor Type input"
            },
            {
                "name": "startTime",
                "dtype": "str",
                "desc": "start time input"
            },
            {
                "name": "numofSensor",
                "dtype": "int",
                "desc": "number of sensors input"
            },
            {
                "name": "data_flag",
                "dtype": "bool",
                "desc": "data flag input"
            }
        ]
    },

    "foo":{
        "version":1.0,
        "input":[
            {
                "name":"inp1",
                "dtype":"int",
                "desc":"Input1 for foo"
            },
            {
                "name":"inp2",
                "dtype":"str",
                "desc":"Input2 for foo"
            }
        ]
    },

    "foobar":{
        "version":1.0,
        "input":[]
    },

    "bar":{
        "version":1.0,
        "input":[
            {
                "name":"inp11",
                "dtype":"int",
                "desc":"Input1 of bar"
            },
            {
                "name":"inp21",
                "dtype":"str",
                "desc":"Input2 of bar"
            }
        ]
    }
}