[
    {
        "id": "f6f2187d.f17ca8",
        "type": "tab",
        "label": "Flow_2",
        "disabled": false,
        "info": "",
        "app_name": "app_1",
        "schedule_info": "*/2 * * * *"
    },
    {
        "id": "3cc11d24.ff01a2",
        "type": "comment",
        "z": "f6f2187d.f17ca8",
        "name": "WARNING: please check you have started this container with a volume that is mounted to /data\\n otherwise any flow changes are lost when you redeploy or upgrade the container\\n (e.g. upgrade to a more recent node-red docker image).\\n  If you are using named volumes you can ignore this warning.\\n Double click or see info side panel to learn how to start Node-RED in Docker to save your work",
        "info": "\nTo start docker with a bind mount volume (-v option), for example:\n\n```\ndocker run -it -p 1880:1880 -v /home/user/node_red_data:/data --name mynodered nodered/node-red\n```\n\nwhere `/home/user/node_red_data` is a directory on your host machine where you want to store your flows.\n\nIf you do not do this then you can experiment and redploy flows, but if you restart or upgrade the container the flows will be disconnected and lost. \n\nThey will still exist in a hidden data volume, which can be recovered using standard docker techniques, but that is much more complex than just starting with a named volume as described above.",
        "x": 350,
        "y": 80,
        "wires": []
    },
    {
        "id": "f3f3800d14e4ee37",
        "type": "http request",
        "z": "f6f2187d.f17ca8",
        "name": "",
        "method": "GET",
        "ret": "txt",
        "paytoqs": "query",
        "url": "http://127.0.0.1:8000/foobar",
        "tls": "",
        "persist": false,
        "proxy": "",
        "insecureHTTPParser": false,
        "authType": "",
        "senderr": false,
        "headers": [],
        "x": 290,
        "y": 300,
        "wires": [
            [
                "39d2a5df9357ef17"
            ]
        ]
    },
    {
        "id": "d896c58b8af86902",
        "type": "inject",
        "z": "f6f2187d.f17ca8",
        "name": "",
        "props": [
            {
                "p": "payload"
            }
        ],
        "repeat": "",
        "crontab": "",
        "once": false,
        "onceDelay": 0.1,
        "topic": "",
        "payload": "{\"name\":\"Ayush\",\"age\":99}",
        "payloadType": "json",
        "x": 90,
        "y": 300,
        "wires": [
            [
                "f3f3800d14e4ee37"
            ]
        ]
    },
    {
        "id": "39d2a5df9357ef17",
        "type": "http request",
        "z": "f6f2187d.f17ca8",
        "name": "",
        "method": "POST",
        "ret": "txt",
        "paytoqs": "query",
        "url": "http://127.0.0.1:8000/foobar",
        "tls": "",
        "persist": false,
        "proxy": "",
        "insecureHTTPParser": false,
        "authType": "",
        "senderr": false,
        "headers": [],
        "x": 510,
        "y": 240,
        "wires": [
            [
                "3261778455c8edc1"
            ]
        ]
    },
    {
        "id": "3261778455c8edc1",
        "type": "debug",
        "z": "f6f2187d.f17ca8",
        "name": "debug 4",
        "active": true,
        "tosidebar": true,
        "console": false,
        "tostatus": false,
        "complete": "payload",
        "targetType": "msg",
        "statusVal": "",
        "statusType": "auto",
        "x": 740,
        "y": 220,
        "wires": []
    }
]