{
    "custom_workflow":
    {
			"app_name":"app_8",
			"schedule_info":"* * * * *",
			"workflow_name":"wf_name_18",
			"params_count":2,
            "workflow_fn_parameters":
			{
				"param_name":["par_1", "par_2","par_3"],
				"param_vals":[12,"ayush",100],
				"param_dtype":["int","str","int"]
			},

			"service_list":[
			{
				"type":"service",
				"service_name":"foo",
				"url" : "http:localhost:8005/foo",
				"param_count":2,
				"params_list":[
					{
						"param_name":"par_1",
						"prev_service_output":"False",
						"param_dtype":"int"
					},
					{
						"param_name":"par_2",
						"prev_service_output":"False",
						"param_dtype":"str"
					}
				]
			},
			{
				"type":"rules",
				"cond":"gte",

				"comp_val_lhs_dtype":"int",
				"comp_val_lhs_from_prev_serv":"False",
				"comp_val_lhs":"par_3",

				"comp_val_rhs_dtype":"int",
				"comp_val_rhs_from_prev_serv":"False",
				"comp_val_rhs":"par_1",

				"if_true":{
					"service_name":"foobar",
					"url": "http:localhost:8005/foobar",
					"param_count":0,
					"params_list":[]
				},

				"if_false":{
					"service_name":"foobar",
					"url": "http:localhost:8005/foobar",
					"param_count":0,
					"params_list":[]
				}
			},

			{
				"type":"service",
				"service_name":"foobar",
				"param_count":0,
				"params_list":[]	
			},

			{
				"type":"rules",
				"cond":"gte",

				"comp_val_lhs_dtype":"int",
				"comp_val_lhs_from_prev_serv":"True",
				"comp_val_lhs":"foo.key1",

				"comp_val_rhs_dtype":"int",
				"comp_val_rhs_from_prev_serv":"False",
				"comp_val_rhs":"par_1",

				"if_true":{
					"service_name":"foobar",
					"param_count":0,
					"params_list":[]
				},

				"if_false":{
					"service_name":"bar",
					"param_count":2,
					"params_list":[
						{
							"param_name":"par_1",
							"prev_service_output":"False",
							"param_dtype":"int"
						},
						{
							"param_name":"foo.key2",
							"prev_service_output":"True",
							"param_dtype":"type(foo.key2)"
						}
					]
				}
			}
		]
    }
}